Experiencia,Posicion,Hijos,Casado,Educacion,Salario
0.5,Analista,4,1,Bachillerato,13540
5.6,Analista,2,0,Licenciatura,31240
11.7,Analista,1,0,Licenciatura,63880
5.2,Analista,2,1,Licenciatura,29960
7.2,Coordinador,2,1,Licenciatura,34710
7.2,Analista,2,1,Bachillerato,32210
1.3,Analista,1,1,Bachillerato,15370
8.1,Analista,1,0,Bachillerato,22930
5.6,Analista,1,0,Licenciatura,38830
6.2,Coordinador,1,0,Posgrado,33300
9.8,Analista,0,0,Licenciatura,26970
10.5,Analista,2,0,Licenciatura,35140
6.4,Analista,3,0,Bachillerato,32130
3.7,Analista,1,1,Licenciatura,21390
8,Analista,0,0,Licenciatura,37360
9,Analista,4,0,Licenciatura,44950
1.7,Analista,2,1,Bachillerato,13120
12.2,Analista,1,1,Bachillerato,37760
7,Analista,2,1,Licenciatura,27820
5.9,Analista,3,1,Licenciatura,27430
1.6,Analista,4,1,Bachillerato,17680
9.7,Gerente,4,1,Licenciatura,83470
5,Gerente,0,0,Licenciatura,37060
6.6,Analista,2,1,Bachillerato,27850
9.6,Gerente,2,1,Bachillerato,57690
7.8,Analista,2,1,Posgrado,29050
11.9,Analista,1,0,Licenciatura,45160
5.2,Analista,1,1,Licenciatura,27860
6.3,Analista,0,1,Posgrado,33810
6.6,Analista,2,1,Bachillerato,30760
4.5,Analista,1,0,Bachillerato,16840
4.9,Coordinador,1,0,Bachillerato,33610
7.8,Analista,1,0,Bachillerato,31140
8.4,Analista,3,1,Licenciatura,34720
8.8,Coordinador,0,0,Licenciatura,43860
9.1,Analista,1,0,Bachillerato,36400
7.5,Analista,1,0,Bachillerato,28030
5.8,Coordinador,3,1,Licenciatura,35590
9.3,Analista,0,0,Licenciatura,33130
5.5,Analista,2,1,Bachillerato,24300
3.9,Analista,1,0,Licenciatura,18570
6.9,Analista,4,1,Licenciatura,24710
7.8,Analista,1,0,Bachillerato,32400
2.2,Analista,4,1,Bachillerato,19330
4.2,Analista,2,0,Bachillerato,18710
9.9,Analista,2,0,Licenciatura,53600
5.4,Coordinador,1,1,Licenciatura,25660
10.1,Analista,4,1,Licenciatura,52830
0.9,Gerente,3,1,Licenciatura,31020
9.2,Analista,1,0,Bachillerato,43400
8.2,Analista,0,0,Bachillerato,27690
8.5,Analista,3,1,Bachillerato,24770
7.4,Analista,2,1,Licenciatura,30190
6.1,Analista,1,1,Bachillerato,32640
7.7,Analista,0,0,Posgrado,39950
2.8,Analista,1,1,Licenciatura,21960
3.2,Analista,3,0,Bachillerato,20030
5.3,Analista,2,1,Bachillerato,28290
0.8,Analista,0,0,Licenciatura,7850
11.5,Coordinador,2,0,Licenciatura,41760
7.8,Analista,0,0,Bachillerato,31470
3,Coordinador,1,1,Licenciatura,27470
7.1,Gerente,2,1,Licenciatura,41040
10.1,Coordinador,0,1,Bachillerato,43270
2.1,Analista,0,1,Bachillerato,15010
7.2,Analista,1,0,Licenciatura,42280
6.1,Analista,3,0,Licenciatura,20470
7.6,Analista,0,0,Bachillerato,32150
7.2,Analista,1,0,Licenciatura,29670
5.6,Gerente,1,0,Licenciatura,42010
5.6,Analista,2,1,Bachillerato,17740
9.2,Analista,1,1,Bachillerato,15750
8.6,Analista,3,1,Licenciatura,54540
6.5,Coordinador,4,1,Bachillerato,45090
8.5,Analista,0,1,Licenciatura,29680
10.9,Analista,3,1,Licenciatura,42810
4.8,Coordinador,2,1,Bachillerato,19240
3.7,Analista,2,1,Bachillerato,27490
5.3,Analista,1,0,Bachillerato,31230
7.6,Analista,1,0,Bachillerato,42040
4.3,Analista,0,1,Licenciatura,23030
13,Analista,3,1,Posgrado,60730
10.2,Analista,0,1,Bachillerato,38490
6.8,Analista,1,1,Bachillerato,21880
5.7,Analista,2,0,Licenciatura,30670
3,Analista,0,1,Bachillerato,12950
10.5,Analista,4,0,Bachillerato,29510
3,Analista,1,1,Licenciatura,18640
4.4,Analista,3,1,Licenciatura,17160
1.3,Analista,2,0,Licenciatura,12090
9.2,Analista,2,1,Bachillerato,46360
6.2,Analista,0,0,Licenciatura,25210
7.6,Analista,2,1,Licenciatura,27910
7.9,Coordinador,1,1,Licenciatura,43300
7.8,Coordinador,1,1,Licenciatura,44160
4.2,Analista,2,1,Licenciatura,23420
6.6,Analista,1,0,Bachillerato,22220
10.6,Analista,1,1,Bachillerato,29530
9.3,Analista,0,1,Licenciatura,43030
3.7,Coordinador,2,1,Bachillerato,25530
8.6,Analista,1,1,Licenciatura,44740
4.5,Analista,1,1,Bachillerato,20040
5,Coordinador,0,0,Bachillerato,22170
8.7,Coordinador,1,0,Bachillerato,40710
6.9,Coordinador,1,0,Bachillerato,28590
3.1,Analista,1,0,Bachillerato,24170
5.8,Coordinador,1,1,Posgrado,37240
8.3,Analista,4,0,Posgrado,53200
8.1,Coordinador,0,0,Bachillerato,23590
4.6,Coordinador,1,1,Licenciatura,20800
6,Analista,0,1,Bachillerato,28840
10.8,Analista,3,1,Bachillerato,56940
7,Analista,2,0,Licenciatura,15560
6,Analista,0,1,Bachillerato,29580
6.5,Coordinador,3,1,Posgrado,49130
2.4,Analista,3,1,Bachillerato,19610
6.8,Analista,1,0,Bachillerato,26330
6,Analista,2,0,Bachillerato,25210
15.2,Analista,0,0,Bachillerato,54790
6.4,Analista,2,1,Licenciatura,41050
7.8,Analista,2,0,Bachillerato,40750
2.6,Gerente,0,1,Posgrado,34150
7.2,Analista,0,0,Licenciatura,38360
8.1,Analista,0,0,Licenciatura,28380
9.6,Analista,4,1,Bachillerato,42280
5.7,Analista,2,0,Bachillerato,23290
6.8,Coordinador,3,1,Posgrado,31570
5.6,Analista,4,1,Bachillerato,28280
1.4,Analista,4,1,Licenciatura,16800
2.6,Analista,1,1,Bachillerato,21990
5,Analista,0,1,Bachillerato,12380
7.2,Coordinador,1,0,Licenciatura,26850
2.1,Analista,0,0,Bachillerato,6510
10.5,Coordinador,0,0,Licenciatura,31800
8.3,Analista,2,0,Licenciatura,30600
7.8,Analista,2,1,Licenciatura,33820
4.1,Gerente,3,1,Licenciatura,45300
8.5,Analista,1,1,Bachillerato,22480
5.4,Analista,1,0,Licenciatura,23930
2.2,Analista,0,0,Licenciatura,13310
3.3,Analista,4,1,Posgrado,30520
2,Analista,2,1,Bachillerato,18450
4.6,Analista,0,0,Bachillerato,25870
7,Analista,4,1,Bachillerato,24980
5.9,Analista,1,0,Bachillerato,20800
3.1,Gerente,0,1,Licenciatura,42390
6.1,Analista,3,1,Bachillerato,30010
6.9,Coordinador,1,1,Posgrado,47750
3.5,Analista,2,0,Bachillerato,20640
9.9,Analista,1,0,Bachillerato,44380
5.2,Analista,1,0,Bachillerato,22210
2.6,Analista,1,1,Bachillerato,16250
10.6,Analista,0,0,Bachillerato,33410
5.2,Analista,3,0,Licenciatura,28030
5.7,Analista,3,1,Bachillerato,31880
7,Analista,1,1,Licenciatura,29670
0.6,Analista,4,1,Posgrado,13750
7.1,Analista,1,0,Licenciatura,26930
0.6,Analista,2,0,Bachillerato,8450
4.3,Gerente,1,0,Licenciatura,37780
10.6,Analista,4,1,Licenciatura,43470
6.7,Analista,1,0,Bachillerato,32620
4.2,Analista,3,1,Posgrado,26540
5.2,Analista,2,0,Bachillerato,24660
7,Analista,0,1,Bachillerato,25070
5.5,Analista,1,1,Licenciatura,26250
7.6,Analista,1,0,Bachillerato,34710
4.7,Analista,1,1,Licenciatura,29340
3.7,Analista,3,1,Licenciatura,29010
2.1,Analista,1,0,Licenciatura,15430
6.7,Analista,2,0,Bachillerato,26890
6.7,Analista,3,1,Bachillerato,27600
5.4,Analista,2,1,Bachillerato,26570
4.3,Analista,2,0,Licenciatura,22610
6.1,Analista,1,0,Bachillerato,28990
4.3,Analista,1,1,Bachillerato,17560
4.1,Analista,1,0,Licenciatura,18710
5.6,Analista,4,1,Licenciatura,33150
3.7,Analista,3,1,Bachillerato,29870
1,Analista,1,1,Licenciatura,16100
8.3,Analista,2,1,Bachillerato,25290
9.6,Analista,1,1,Bachillerato,31630
5.2,Analista,3,1,Licenciatura,24410
3.1,Analista,1,0,Licenciatura,18940
8.3,Analista,3,1,Bachillerato,26300
3.1,Analista,1,0,Bachillerato,16150
7.6,Coordinador,3,1,Licenciatura,45760
7.2,Analista,4,1,Bachillerato,35050
2.6,Analista,3,1,Posgrado,22430
7.2,Analista,2,1,Licenciatura,34230
2.4,Analista,0,0,Licenciatura,16400
7.3,Analista,1,1,Licenciatura,31800
7,Analista,0,0,Bachillerato,27690
6.8,Analista,2,0,Bachillerato,20320
7.7,Coordinador,2,1,Licenciatura,28720
7,Coordinador,3,0,Posgrado,43280
10.1,Analista,3,1,Bachillerato,28720
8.9,Analista,3,1,Licenciatura,41410
9.5,Analista,1,0,Bachillerato,43030
4.7,Analista,1,0,Bachillerato,23390
8.7,Gerente,2,0,Bachillerato,52730
2.6,Analista,0,1,Bachillerato,14270
7.5,Analista,2,1,Bachillerato,21360
4.3,Analista,0,1,Bachillerato,17680
4.2,Analista,0,1,Bachillerato,18520
8.3,Coordinador,0,1,Licenciatura,32190
9,Coordinador,1,0,Bachillerato,45640
5.4,Analista,0,1,Bachillerato,22190
6.5,Analista,2,1,Licenciatura,25580
1.2,Analista,2,0,Bachillerato,13500
4.4,Analista,2,1,Bachillerato,28450
2,Coordinador,3,1,Licenciatura,23570
5.4,Analista,1,0,Bachillerato,17300
12.9,Analista,0,1,Posgrado,39320
8.1,Coordinador,0,0,Licenciatura,51980
4.3,Analista,2,1,Licenciatura,20610
5,Coordinador,0,1,Licenciatura,34830
8.9,Analista,1,0,Bachillerato,22250
1.3,Analista,0,0,Posgrado,9470
7.6,Analista,1,1,Bachillerato,38740
4.5,Coordinador,1,1,Licenciatura,27180
6.9,Analista,0,1,Licenciatura,37910
10.2,Analista,2,0,Licenciatura,35250
2,Coordinador,3,1,Licenciatura,24510
8.9,Coordinador,2,1,Posgrado,39040
0.8,Analista,0,1,Licenciatura,10430
8.7,Analista,3,1,Licenciatura,38120
5.3,Analista,0,1,Licenciatura,27110
7.4,Analista,1,1,Bachillerato,39950
7.2,Analista,1,0,Licenciatura,52830
4.4,Gerente,1,0,Bachillerato,35990
7.3,Analista,2,0,Bachillerato,34590
8.3,Analista,0,0,Licenciatura,33630
11.9,Analista,0,0,Bachillerato,38010
1.6,Analista,1,0,Bachillerato,11850
5.4,Coordinador,0,1,Posgrado,33320
5.7,Analista,4,1,Licenciatura,24970
5.1,Analista,0,1,Licenciatura,28590
2.4,Analista,1,0,Bachillerato,11080
8.1,Analista,2,1,Licenciatura,39810
8.3,Coordinador,3,1,Bachillerato,43040
8.5,Analista,0,0,Licenciatura,45730
6.2,Analista,0,0,Bachillerato,27990
6.1,Analista,4,1,Bachillerato,33690
5.6,Analista,0,0,Bachillerato,30230
8.2,Analista,3,1,Bachillerato,41300
4.9,Analista,2,0,Bachillerato,32280
1.3,Analista,1,0,Bachillerato,11010
3.8,Analista,1,1,Licenciatura,16610
3.2,Analista,2,0,Licenciatura,18710
8.8,Analista,1,1,Bachillerato,26560
6.6,Analista,1,1,Bachillerato,21830
7.1,Analista,0,1,Bachillerato,27510
10.4,Analista,0,1,Bachillerato,20270
2.2,Coordinador,0,1,Licenciatura,19200
7.6,Analista,0,0,Posgrado,40320
7.3,Analista,3,1,Bachillerato,32200
4.9,Analista,2,1,Posgrado,25910
4.4,Analista,1,0,Bachillerato,11240
5.9,Analista,0,0,Bachillerato,29900
5.7,Analista,3,1,Licenciatura,35440
4.8,Coordinador,1,1,Licenciatura,33280
10.5,Coordinador,0,0,Posgrado,51310
4.6,Analista,1,0,Bachillerato,23080
5.7,Analista,0,1,Licenciatura,21420
4.4,Analista,3,1,Licenciatura,25880
10.2,Analista,2,1,Licenciatura,45510
3.6,Analista,4,1,Licenciatura,28300
6.3,Analista,0,1,Licenciatura,23410
7.9,Analista,1,1,Bachillerato,29110
7.9,Analista,4,1,Bachillerato,34370
9.7,Analista,1,0,Bachillerato,32980
13.5,Gerente,2,0,Licenciatura,70000
10.5,Coordinador,3,1,Licenciatura,54280
6.9,Analista,4,0,Bachillerato,22120
5.9,Analista,3,1,Licenciatura,31800
6.8,Coordinador,1,0,Bachillerato,30610
6.7,Analista,2,0,Bachillerato,29650
8.9,Analista,1,1,Bachillerato,36450
7.9,Analista,1,0,Licenciatura,35890
7.8,Analista,1,1,Bachillerato,31140
3.2,Coordinador,3,1,Licenciatura,31770
3.6,Coordinador,0,1,Bachillerato,24080
6.1,Analista,0,0,Bachillerato,23180
4.8,Analista,1,0,Bachillerato,18790
3.3,Analista,0,0,Posgrado,19150
7.4,Gerente,4,1,Licenciatura,49960
3.2,Analista,1,1,Bachillerato,19880
8.7,Analista,1,0,Bachillerato,23380
4.4,Analista,2,1,Bachillerato,24590
9,Analista,1,1,Bachillerato,22480
7.9,Analista,4,1,Licenciatura,40410
6.6,Coordinador,2,0,Bachillerato,41350
6,Analista,3,1,Licenciatura,33610
3,Coordinador,1,1,Licenciatura,21210
4.7,Analista,1,1,Licenciatura,28740
7.7,Coordinador,0,0,Licenciatura,32820
10.7,Analista,2,0,Posgrado,52080
6.2,Analista,1,1,Bachillerato,23280
4.6,Analista,2,1,Licenciatura,30280
6.9,Analista,1,1,Bachillerato,9850
5,Analista,1,1,Bachillerato,24110
7.2,Analista,1,1,Bachillerato,31040
5.1,Analista,0,1,Posgrado,34100
9.6,Coordinador,1,1,Posgrado,39360
10.5,Gerente,0,1,Licenciatura,57240
7.6,Coordinador,0,1,Bachillerato,20550
9.2,Analista,3,1,Bachillerato,45960
4.5,Analista,1,1,Bachillerato,20350
9.4,Analista,1,0,Licenciatura,51280
4.6,Analista,1,0,Bachillerato,25930
6.1,Analista,1,0,Licenciatura,14990
5.8,Analista,1,1,Bachillerato,28430
6.6,Analista,1,0,Bachillerato,24300
6.7,Analista,1,0,Posgrado,27680
5.6,Coordinador,1,1,Posgrado,38300
3.2,Analista,0,0,Bachillerato,12380
5.5,Coordinador,0,0,Posgrado,39380
0.5,Analista,1,0,Bachillerato,11260
6,Analista,0,1,Posgrado,36710
6.5,Coordinador,2,0,Licenciatura,39580
6.9,Analista,4,1,Bachillerato,40000
3.3,Analista,4,1,Licenciatura,24350
6.9,Analista,3,1,Bachillerato,21970
3.7,Analista,0,0,Bachillerato,11160
11.3,Analista,1,1,Licenciatura,32170
5.5,Analista,1,1,Bachillerato,22310
8.2,Analista,1,0,Licenciatura,45070
4.7,Analista,2,0,Bachillerato,20130
6.8,Analista,0,0,Bachillerato,27240
8.1,Coordinador,0,1,Licenciatura,33670
10.9,Analista,4,1,Bachillerato,37080
7.2,Coordinador,1,1,Licenciatura,37960
5.9,Analista,0,0,Bachillerato,19090
5.4,Analista,1,1,Bachillerato,27300
11.1,Analista,1,1,Bachillerato,63830
5.3,Analista,2,1,Licenciatura,22580
2.5,Coordinador,2,1,Bachillerato,20990
7,Analista,2,0,Licenciatura,36120
6.6,Analista,1,1,Bachillerato,25130
0.7,Analista,3,1,Bachillerato,9270
7.2,Analista,1,1,Bachillerato,28470
7,Analista,2,1,Bachillerato,31670
8.8,Analista,2,1,Bachillerato,26730
5.1,Analista,0,0,Bachillerato,23290
8.6,Analista,3,1,Licenciatura,36080
9.6,Analista,1,0,Licenciatura,50290
10.5,Analista,0,1,Bachillerato,38480
7.6,Gerente,1,0,Posgrado,63940
5.4,Analista,3,1,Bachillerato,21300
4.7,Coordinador,1,1,Bachillerato,22010
8.3,Analista,1,1,Licenciatura,25900
7.9,Analista,0,0,Bachillerato,18750
6,Analista,2,1,Bachillerato,23350
4.5,Analista,2,0,Bachillerato,23600
3.6,Analista,4,1,Licenciatura,29740
5.2,Analista,3,1,Licenciatura,23250
11.8,Analista,1,1,Licenciatura,51310
8.4,Coordinador,1,0,Licenciatura,45720
9.2,Coordinador,2,1,Posgrado,45210
6.6,Analista,3,1,Bachillerato,31150
6.9,Analista,0,1,Licenciatura,23720
0.7,Analista,0,0,Licenciatura,7630
6.4,Analista,3,1,Bachillerato,37760
9.5,Analista,1,0,Bachillerato,25270
8.4,Analista,1,0,Licenciatura,36140
10.1,Gerente,1,1,Licenciatura,50860
4.9,Gerente,4,1,Posgrado,46840
8.5,Analista,2,1,Bachillerato,24070
10.4,Analista,1,0,Bachillerato,27960
8.5,Analista,3,1,Licenciatura,38160
6.2,Analista,2,0,Bachillerato,22310
2.2,Coordinador,0,0,Posgrado,16610
4.2,Gerente,3,1,Licenciatura,43900
3.8,Gerente,1,0,Posgrado,42290
5.9,Analista,2,1,Bachillerato,33960
7,Analista,0,0,Posgrado,36240
3.6,Analista,3,1,Bachillerato,21070
8.6,Coordinador,1,0,Posgrado,39310
0.6,Analista,2,1,Licenciatura,13660
4.5,Analista,3,1,Licenciatura,30190
8.9,Coordinador,2,1,Licenciatura,40490
5.9,Coordinador,1,1,Bachillerato,35230
7.8,Coordinador,0,1,Bachillerato,30980
8.7,Analista,2,0,Licenciatura,24210
5.6,Analista,1,0,Bachillerato,23640
11.3,Analista,2,1,Bachillerato,39210
9.4,Analista,4,1,Bachillerato,40150
6.4,Analista,0,0,Bachillerato,31330
2.2,Analista,1,0,Bachillerato,19730
6.7,Analista,0,0,Licenciatura,17550
9.5,Analista,1,0,Bachillerato,44590
5.3,Analista,0,1,Licenciatura,22250
2.7,Coordinador,1,1,Posgrado,26460
6.1,Analista,0,0,Bachillerato,24430
3.8,Analista,3,1,Licenciatura,23310
6.3,Analista,0,0,Bachillerato,8150
2.6,Analista,2,0,Licenciatura,17150
7.8,Analista,1,0,Bachillerato,30390
3.4,Analista,0,0,Bachillerato,13630
4.6,Analista,1,1,Licenciatura,26200
6.2,Analista,2,1,Posgrado,31390
7.2,Coordinador,2,0,Bachillerato,38280
1.8,Analista,2,1,Bachillerato,14880
11.5,Coordinador,4,1,Licenciatura,54010
10,Analista,4,1,Bachillerato,31550
8.5,Analista,1,1,Bachillerato,40650
7.2,Analista,1,1,Licenciatura,43700
7.8,Analista,2,0,Bachillerato,20450
8.4,Analista,1,0,Bachillerato,30020
7.3,Analista,3,1,Bachillerato,26320
7.7,Analista,0,1,Bachillerato,33950
4,Coordinador,1,1,Posgrado,28850
10,Analista,0,0,Licenciatura,39310
5.3,Analista,3,1,Bachillerato,31950
3.8,Analista,0,1,Licenciatura,18590
7.2,Analista,0,1,Bachillerato,34090
8.3,Coordinador,1,0,Bachillerato,28180
5.6,Analista,1,1,Licenciatura,27700
4.2,Analista,0,1,Bachillerato,20480
5.8,Analista,1,1,Bachillerato,30120
12.5,Analista,0,0,Bachillerato,46380
2,Analista,0,0,Bachillerato,13180
5.8,Analista,4,1,Bachillerato,39180
5.6,Analista,1,0,Bachillerato,24610
4.5,Coordinador,3,1,Bachillerato,29340
11.4,Analista,1,1,Licenciatura,15990
7,Analista,0,1,Licenciatura,33290
4.1,Gerente,2,1,Licenciatura,51590
4.9,Analista,1,0,Posgrado,22520
4.2,Analista,2,0,Bachillerato,19870
7.5,Analista,1,0,Licenciatura,40270
3.2,Coordinador,0,0,Bachillerato,22450
6.5,Analista,1,1,Licenciatura,34410
9,Coordinador,0,0,Bachillerato,28480
4.6,Coordinador,0,0,Bachillerato,30990
3.5,Analista,3,1,Bachillerato,19530
5.6,Coordinador,4,1,Licenciatura,34950
6.9,Analista,4,1,Licenciatura,38630
2.1,Analista,2,1,Bachillerato,15760
5.9,Analista,0,0,Bachillerato,26800
7.1,Analista,1,1,Licenciatura,34840
9.2,Coordinador,3,0,Licenciatura,37430
6.3,Analista,1,0,Posgrado,35610
10.2,Coordinador,0,1,Licenciatura,36460
5,Analista,0,1,Bachillerato,19660
7,Analista,1,1,Licenciatura,39170
9.7,Analista,3,1,Bachillerato,45460
7.3,Analista,3,1,Bachillerato,32760
7.8,Analista,0,0,Licenciatura,22680
6.3,Analista,2,1,Bachillerato,47920
5.8,Analista,0,1,Bachillerato,24760
5.1,Analista,2,1,Licenciatura,29790
6.9,Analista,1,0,Bachillerato,34790
8.3,Coordinador,1,1,Licenciatura,43460
9.3,Analista,2,0,Bachillerato,38630
2.4,Analista,1,0,Bachillerato,15090
7.2,Analista,3,1,Licenciatura,26850
8.4,Analista,3,1,Bachillerato,33730
3.2,Analista,1,0,Bachillerato,12460
3,Analista,4,1,Bachillerato,27240
5,Analista,4,1,Bachillerato,29680
3.6,Analista,2,0,Licenciatura,21800
5.9,Analista,0,0,Bachillerato,25130
8.3,Analista,2,0,Licenciatura,29150
5.7,Analista,0,0,Posgrado,27460
7.7,Coordinador,4,1,Bachillerato,55780
9.5,Analista,3,1,Bachillerato,37440
9.8,Analista,2,0,Licenciatura,53420
5.8,Analista,1,0,Bachillerato,32330
4.1,Analista,0,0,Bachillerato,23760
7.9,Analista,2,0,Bachillerato,27380
5.5,Analista,1,0,Bachillerato,18810
6.3,Gerente,0,0,Licenciatura,42890
7.3,Analista,2,0,Bachillerato,33320
3.5,Analista,0,0,Bachillerato,15910
2.4,Analista,1,0,Bachillerato,13990
11.4,Analista,0,1,Bachillerato,39830
7,Analista,4,1,Bachillerato,36620
10.2,Analista,3,1,Bachillerato,33200
9.4,Analista,1,0,Bachillerato,43730
9.5,Analista,0,1,Bachillerato,42010
6.7,Analista,0,1,Bachillerato,26290
10.6,Analista,2,1,Licenciatura,37230
8.3,Analista,3,1,Licenciatura,23710
5.8,Analista,2,1,Licenciatura,28620
8,Analista,0,1,Licenciatura,26900
5.2,Analista,0,0,Licenciatura,27130
7.7,Coordinador,0,0,Bachillerato,30680
7.2,Analista,3,1,Bachillerato,39090
7.9,Analista,1,0,Bachillerato,21710
0.1,Analista,2,0,Bachillerato,10090
5.2,Analista,2,0,Bachillerato,26560
5.2,Analista,1,1,Bachillerato,25770
6.3,Analista,3,0,Bachillerato,25030
6.4,Gerente,4,1,Licenciatura,58310
6.1,Analista,3,1,Licenciatura,18950
7.2,Coordinador,0,0,Bachillerato,44410
6.7,Gerente,4,1,Bachillerato,56790
3.7,Coordinador,0,0,Bachillerato,21780
4,Analista,0,1,Bachillerato,13620
3.3,Analista,2,0,Licenciatura,22770
6.9,Analista,3,1,Bachillerato,29770
14.4,Coordinador,1,0,Licenciatura,40550
6.3,Analista,1,1,Bachillerato,14290
4.6,Analista,0,1,Bachillerato,21150
9.2,Analista,0,0,Licenciatura,39740
8.3,Analista,4,1,Bachillerato,37020
5.3,Analista,2,1,Bachillerato,22800
9.2,Analista,1,1,Bachillerato,34920
6.3,Analista,3,1,Licenciatura,32880
4.5,Analista,0,1,Posgrado,25850
3.5,Analista,3,1,Bachillerato,24920
7.9,Analista,0,0,Bachillerato,27100
10.9,Analista,3,1,Licenciatura,48230
4,Analista,4,1,Bachillerato,23280
2.7,Analista,4,1,Licenciatura,22650
3.4,Analista,1,0,Bachillerato,14930
8.2,Analista,4,1,Bachillerato,46940
11.4,Analista,1,1,Licenciatura,33460
4.8,Analista,0,0,Licenciatura,19960
6.8,Analista,3,1,Bachillerato,32680
6.8,Analista,3,1,Bachillerato,27990
5.1,Analista,2,1,Posgrado,31450
7.8,Gerente,0,0,Licenciatura,45050
11.3,Analista,0,1,Licenciatura,32190
6.8,Analista,1,0,Licenciatura,33580
9.1,Coordinador,2,0,Licenciatura,57060
4.8,Analista,2,1,Bachillerato,25280
14.3,Analista,0,1,Licenciatura,47390
10.5,Analista,4,1,Posgrado,62120
6.6,Analista,0,0,Licenciatura,29600
10,Analista,3,1,Bachillerato,37020
7.6,Analista,3,0,Bachillerato,34230
5,Analista,1,1,Bachillerato,22680
7.1,Analista,1,1,Bachillerato,13100
10,Analista,3,1,Bachillerato,36080
11.6,Coordinador,2,1,Bachillerato,49500
8.1,Analista,1,0,Bachillerato,30100
8,Gerente,3,1,Posgrado,57080
1.6,Analista,2,0,Bachillerato,15000
0.1,Analista,1,1,Bachillerato,5630
8.8,Analista,2,1,Bachillerato,33050
3.3,Coordinador,3,1,Licenciatura,23840
6.1,Analista,0,1,Bachillerato,20620
8.7,Gerente,1,1,Posgrado,65350
6.1,Analista,0,1,Bachillerato,31710
1.9,Analista,2,0,Bachillerato,17280
6.7,Analista,1,0,Bachillerato,24470
4.8,Coordinador,1,1,Posgrado,36660
7.7,Analista,0,1,Bachillerato,28180
7.7,Analista,3,1,Bachillerato,27070
3.2,Analista,1,1,Bachillerato,19990
5.6,Analista,1,0,Bachillerato,30950
5.1,Analista,2,1,Licenciatura,26670
8.1,Gerente,1,0,Bachillerato,60580
6.9,Coordinador,0,0,Posgrado,40850
4.7,Analista,2,1,Licenciatura,33550
5.6,Analista,0,0,Bachillerato,19090
5.2,Coordinador,1,0,Licenciatura,30140
5.1,Analista,3,1,Bachillerato,33310
6.5,Analista,2,1,Posgrado,32070
5.7,Analista,4,1,Licenciatura,27700
4.7,Analista,0,1,Licenciatura,20060
7,Analista,0,0,Bachillerato,24570
7.9,Coordinador,4,1,Posgrado,34360
7.7,Analista,0,1,Bachillerato,28150
8,Analista,0,1,Licenciatura,36800
4.9,Analista,3,0,Licenciatura,25510
8.3,Analista,0,0,Licenciatura,39150
8.2,Analista,0,1,Bachillerato,31080
3.7,Analista,2,1,Licenciatura,22680
4.3,Analista,1,1,Bachillerato,20830
5.7,Analista,1,1,Bachillerato,21940
11.9,Gerente,1,1,Bachillerato,67370
9.9,Analista,1,1,Bachillerato,38140
2.1,Analista,1,1,Licenciatura,18050
7.6,Analista,0,0,Bachillerato,26260
6.7,Analista,4,1,Bachillerato,21600
12.4,Analista,1,1,Licenciatura,38390
2.5,Analista,0,0,Bachillerato,14540
3.9,Coordinador,2,1,Posgrado,25310
7.8,Analista,0,1,Bachillerato,38670
5.3,Gerente,2,1,Posgrado,54320
8.8,Coordinador,0,0,Licenciatura,38330
9.8,Coordinador,2,1,Licenciatura,33480
10.6,Analista,3,1,Bachillerato,58520
6.1,Analista,1,1,Bachillerato,17160
6.1,Analista,3,0,Bachillerato,38980
4.6,Analista,1,1,Bachillerato,21530
7.3,Analista,1,1,Licenciatura,30220
5.3,Analista,4,1,Bachillerato,33930
6.4,Analista,1,1,Bachillerato,24840
5.1,Coordinador,4,1,Licenciatura,40550
4.6,Analista,1,1,Posgrado,25220
7.4,Coordinador,2,1,Licenciatura,48530
7.8,Analista,3,1,Bachillerato,38300
3.4,Analista,1,1,Bachillerato,21750
6.1,Analista,3,1,Licenciatura,28420
7.4,Analista,4,1,Bachillerato,33070
9.3,Analista,2,1,Licenciatura,34590
7.7,Analista,0,0,Bachillerato,27950
7.5,Coordinador,0,1,Posgrado,29400
5.2,Analista,0,1,Bachillerato,25740
6.1,Analista,1,0,Posgrado,34560
7.6,Analista,4,1,Licenciatura,35850
9.4,Analista,1,1,Licenciatura,36110
4,Analista,1,1,Bachillerato,10980
7,Coordinador,2,1,Licenciatura,37600
7.7,Coordinador,0,1,Bachillerato,35900
6.7,Analista,3,1,Posgrado,36080
5.1,Analista,3,0,Bachillerato,24550
7,Analista,1,0,Posgrado,27250
8.9,Analista,4,1,Licenciatura,49970
6.8,Analista,2,0,Bachillerato,22640
2,Analista,0,0,Posgrado,21170
8.3,Analista,0,1,Bachillerato,33100
9.7,Analista,1,1,Bachillerato,34940
10,Analista,1,0,Bachillerato,46180
2.8,Analista,1,1,Licenciatura,20270
4.9,Gerente,0,0,Posgrado,41860
8.2,Analista,2,1,Bachillerato,34830
12.3,Analista,2,1,Bachillerato,44240
6.2,Analista,0,0,Licenciatura,25190
4.2,Analista,0,0,Bachillerato,23590
9.4,Analista,0,0,Licenciatura,39270
1.8,Analista,2,1,Licenciatura,16050
8.6,Analista,1,1,Bachillerato,23390
4.7,Analista,0,1,Licenciatura,21560
8,Analista,2,1,Licenciatura,20700
12.3,Gerente,1,1,Licenciatura,64600
7,Analista,0,1,Licenciatura,22770
7.5,Analista,1,0,Posgrado,44220
6.5,Analista,2,1,Posgrado,34240
4.8,Analista,3,1,Bachillerato,24630
10.3,Analista,3,0,Bachillerato,47360
4,Analista,2,1,Licenciatura,24950
6.3,Gerente,1,0,Licenciatura,48420
5.1,Analista,0,0,Licenciatura,17210
6.8,Analista,1,0,Bachillerato,30620
6.6,Coordinador,0,0,Bachillerato,28570
3.1,Gerente,3,0,Bachillerato,26810
6,Analista,2,1,Licenciatura,20490
5.5,Analista,2,1,Bachillerato,20300
4,Analista,0,0,Posgrado,15850
5.2,Gerente,1,1,Licenciatura,49370
5.5,Analista,0,0,Bachillerato,18030
7.8,Coordinador,2,1,Licenciatura,38110
4.2,Analista,1,0,Bachillerato,20250
8.5,Coordinador,1,0,Bachillerato,28830
6.6,Coordinador,0,0,Posgrado,41870
2.8,Analista,1,1,Bachillerato,19360
4,Analista,1,1,Bachillerato,14760
7.9,Analista,3,1,Bachillerato,32220
9.8,Coordinador,4,1,Posgrado,41040
5.2,Analista,1,1,Licenciatura,39220
3.5,Coordinador,1,1,Licenciatura,18330
3.8,Analista,1,1,Licenciatura,22270
9.2,Analista,1,1,Bachillerato,44740
2.4,Analista,1,0,Bachillerato,13840
4.8,Analista,1,1,Bachillerato,27780
5.4,Analista,0,1,Bachillerato,16730
6.6,Coordinador,0,1,Posgrado,28800
8,Gerente,2,1,Licenciatura,65460
7.3,Gerente,3,1,Licenciatura,79170
6.1,Analista,3,0,Bachillerato,29420
6.1,Analista,0,0,Bachillerato,21040
6.3,Analista,2,1,Bachillerato,29170
8.7,Analista,1,1,Bachillerato,44580
7.3,Analista,1,1,Licenciatura,40020
4,Analista,0,0,Bachillerato,17360
5.7,Coordinador,1,0,Posgrado,37680
8.2,Analista,1,0,Licenciatura,27290
6.4,Analista,0,0,Bachillerato,31830
3.1,Analista,3,1,Licenciatura,27850
6.7,Analista,1,1,Bachillerato,19950
7.9,Analista,1,1,Bachillerato,30950
7.3,Analista,3,1,Bachillerato,38640
8,Analista,1,1,Licenciatura,31680
8.8,Analista,1,1,Bachillerato,32150
7.7,Analista,1,1,Licenciatura,35310
5.9,Analista,2,0,Licenciatura,27910
6.5,Analista,2,1,Licenciatura,19030
5.7,Analista,2,0,Bachillerato,30920
10.2,Analista,1,1,Bachillerato,29730
5.7,Analista,3,0,Bachillerato,35360
5,Analista,3,1,Licenciatura,28430
7.9,Analista,3,1,Bachillerato,51890
10.1,Analista,2,0,Bachillerato,40920
7,Analista,0,1,Licenciatura,15880
6.9,Analista,1,1,Licenciatura,31490
6.6,Analista,1,0,Bachillerato,28000
1.2,Coordinador,2,1,Licenciatura,21000
7.1,Coordinador,2,1,Licenciatura,43140
10.7,Analista,1,0,Licenciatura,43500
6.5,Analista,1,1,Posgrado,44100
0.5,Coordinador,2,1,Licenciatura,20520
6.3,Analista,0,0,Licenciatura,26980
6.4,Analista,2,1,Licenciatura,22200
4.7,Analista,1,1,Licenciatura,19950
1.6,Analista,1,1,Bachillerato,11360
8.5,Coordinador,1,1,Bachillerato,31740
8.1,Analista,1,0,Posgrado,41750
5.3,Analista,2,0,Bachillerato,20530
4.5,Gerente,1,1,Posgrado,43350
7.9,Analista,0,1,Bachillerato,23170
2.9,Analista,0,0,Bachillerato,10890
3,Analista,2,0,Licenciatura,16290
14.8,Analista,1,1,Licenciatura,51280
10.5,Analista,0,0,Bachillerato,41790
9.6,Analista,1,0,Bachillerato,29040
1.1,Analista,0,1,Bachillerato,10420
3.1,Analista,0,0,Bachillerato,12360
8.1,Analista,0,0,Bachillerato,29490
5.9,Analista,0,0,Bachillerato,23120
5.3,Analista,2,0,Bachillerato,30060
8,Analista,1,1,Bachillerato,27070
2,Coordinador,2,1,Bachillerato,19690
1.8,Analista,1,1,Licenciatura,18250
5.8,Analista,2,1,Bachillerato,30150
5.2,Analista,1,0,Bachillerato,29400
9,Analista,0,0,Bachillerato,33690
8.9,Analista,1,1,Bachillerato,42000
3.7,Analista,0,1,Bachillerato,14230
5.4,Coordinador,1,0,Licenciatura,49400
9.3,Analista,2,1,Licenciatura,39190
6,Analista,1,1,Bachillerato,30890
6.5,Gerente,2,1,Posgrado,49260
5.6,Analista,1,1,Bachillerato,22010
8.6,Coordinador,2,1,Posgrado,42930
7.8,Analista,2,1,Licenciatura,37970
9.2,Analista,1,0,Posgrado,48950
2.7,Analista,2,0,Licenciatura,20220
3.3,Analista,0,1,Licenciatura,21310
3.9,Analista,2,1,Bachillerato,25000
10.6,Analista,2,1,Bachillerato,41680
3.8,Coordinador,2,1,Bachillerato,35520
10.7,Coordinador,3,1,Licenciatura,46650
5.6,Analista,0,0,Bachillerato,19410
8.3,Analista,0,0,Licenciatura,35480
5.6,Analista,2,1,Bachillerato,30810
6.6,Analista,2,1,Bachillerato,32880
6.4,Analista,0,0,Bachillerato,14160
3.1,Analista,1,1,Bachillerato,19030
3.2,Analista,1,0,Bachillerato,17670
4.1,Analista,1,0,Bachillerato,16590
6.4,Analista,1,1,Bachillerato,18750
4.5,Analista,3,0,Bachillerato,29450
5.5,Analista,3,1,Licenciatura,26610
6.7,Coordinador,0,0,Bachillerato,28930
0.7,Analista,0,0,Licenciatura,10940
2.9,Coordinador,0,0,Bachillerato,16040
6.3,Coordinador,1,0,Bachillerato,34980
10.3,Analista,2,0,Posgrado,43600
8.2,Gerente,1,1,Posgrado,58550
5.7,Analista,2,1,Licenciatura,32890
7.7,Analista,3,1,Licenciatura,36060
9,Coordinador,0,0,Posgrado,54050
2.6,Gerente,3,0,Bachillerato,35880
4.3,Coordinador,4,1,Licenciatura,27560
3.5,Analista,1,1,Licenciatura,20560
5.7,Analista,0,0,Licenciatura,33480
3.5,Analista,3,0,Licenciatura,22440
8.1,Analista,0,0,Licenciatura,27280
7.3,Analista,3,1,Bachillerato,30000
4.2,Analista,1,1,Licenciatura,27060
4.3,Analista,0,0,Licenciatura,23460
7.4,Gerente,1,1,Licenciatura,40950
8.5,Analista,0,0,Bachillerato,45270
2.8,Analista,0,0,Bachillerato,10780
4.5,Gerente,3,1,Licenciatura,41280
6.6,Analista,1,0,Bachillerato,25970
5.5,Analista,1,1,Posgrado,31790
7.4,Analista,1,1,Bachillerato,35350
4.9,Analista,2,1,Bachillerato,31660
2.2,Analista,0,0,Posgrado,17770
7.7,Analista,2,1,Bachillerato,41260
3.2,Analista,1,0,Bachillerato,17190
3.6,Analista,0,1,Licenciatura,16650
11.2,Analista,0,1,Licenciatura,50520
7.1,Analista,0,0,Licenciatura,20210
9.3,Analista,2,1,Licenciatura,48740
9.1,Analista,4,1,Licenciatura,32520
7.9,Analista,1,1,Bachillerato,30500
6.2,Analista,0,0,Bachillerato,27970
6.6,Analista,2,0,Licenciatura,29100
3.5,Analista,3,1,Bachillerato,24730
5.2,Analista,1,1,Licenciatura,25630
12.9,Analista,0,0,Bachillerato,47770
3.6,Analista,0,0,Bachillerato,20310
7.6,Analista,0,0,Bachillerato,22570
2.1,Analista,1,0,Bachillerato,8020
4.8,Analista,4,1,Bachillerato,25280
3.7,Coordinador,1,0,Licenciatura,28270
5,Analista,0,1,Licenciatura,25830
4.2,Analista,3,1,Bachillerato,22950
5.3,Analista,2,1,Bachillerato,30330
2.9,Analista,1,0,Bachillerato,14290
6.8,Analista,0,0,Bachillerato,22900
10.2,Coordinador,1,0,Bachillerato,32790
10.5,Analista,0,0,Bachillerato,28250
4,Analista,1,1,Posgrado,23960
2,Analista,3,1,Bachillerato,21810
3.1,Coordinador,3,1,Bachillerato,25670
2.5,Analista,0,0,Licenciatura,15150
1,Analista,1,1,Licenciatura,11650
9.1,Analista,3,1,Licenciatura,34540
5.8,Analista,0,1,Bachillerato,35440
4.8,Analista,3,0,Bachillerato,25500
2.2,Analista,1,1,Bachillerato,15450
6.4,Coordinador,2,1,Licenciatura,39310
9.8,Coordinador,1,1,Bachillerato,38360
7.9,Coordinador,1,1,Posgrado,27130
6.2,Coordinador,3,1,Licenciatura,34200
9.1,Analista,4,1,Bachillerato,34830
2.9,Analista,3,0,Licenciatura,24540
9.3,Analista,1,0,Bachillerato,32170
9.7,Analista,0,0,Licenciatura,35950
2.9,Coordinador,4,1,Licenciatura,24920
4.9,Analista,0,0,Licenciatura,25880
7.8,Analista,2,1,Licenciatura,43160
9.4,Coordinador,0,0,Bachillerato,39540
10.8,Coordinador,1,0,Licenciatura,59030
7.5,Analista,2,0,Licenciatura,32430
5.2,Coordinador,1,0,Bachillerato,28280
5.8,Analista,2,1,Bachillerato,27590
6.6,Coordinador,2,1,Licenciatura,36400
7.2,Analista,1,0,Bachillerato,34470
3.1,Analista,2,1,Licenciatura,23570
7.5,Analista,1,0,Licenciatura,21710
8,Analista,1,1,Licenciatura,36080
6.8,Analista,3,0,Bachillerato,26940
9.2,Analista,0,0,Bachillerato,31300
8.6,Analista,2,1,Bachillerato,33870
3.1,Analista,1,0,Bachillerato,15590
3.5,Gerente,0,1,Bachillerato,32510
8.5,Analista,2,1,Bachillerato,44540
8.6,Analista,2,1,Bachillerato,29290
8.5,Coordinador,2,1,Posgrado,43490
6.4,Analista,1,0,Posgrado,38120
3.9,Analista,3,0,Bachillerato,25960
5.4,Analista,0,1,Bachillerato,14840
4.7,Coordinador,1,1,Licenciatura,29940
11.1,Analista,3,1,Bachillerato,55870
4.2,Analista,1,1,Bachillerato,26680
6.8,Analista,0,0,Bachillerato,20710
4.9,Analista,1,1,Bachillerato,18380
5,Analista,1,1,Posgrado,28890
9.1,Coordinador,0,1,Licenciatura,48970
4.2,Analista,0,0,Bachillerato,18260
4.6,Analista,1,1,Bachillerato,22580
14.1,Analista,0,0,Bachillerato,33750
2.8,Coordinador,3,1,Bachillerato,22430
4.5,Analista,2,0,Bachillerato,22760
7.9,Analista,1,1,Bachillerato,32990
8.4,Analista,1,0,Bachillerato,43320
6.6,Coordinador,1,1,Posgrado,41870
4.1,Coordinador,4,1,Posgrado,40960
2.9,Analista,1,0,Bachillerato,17270
5.7,Analista,2,1,Bachillerato,21060
4.7,Analista,2,1,Bachillerato,24070
3.9,Analista,1,0,Posgrado,19980
7.5,Analista,1,1,Bachillerato,33020
2.7,Gerente,2,1,Posgrado,35730
8.7,Analista,3,1,Licenciatura,42400
8.2,Coordinador,0,0,Licenciatura,36610
4.6,Analista,0,1,Bachillerato,20630
0.7,Analista,1,1,Licenciatura,10160
9.7,Analista,3,0,Bachillerato,35130
4,Analista,0,1,Bachillerato,14880
13.7,Analista,3,1,Bachillerato,66310
8.9,Analista,2,1,Bachillerato,51240
5.1,Gerente,3,1,Licenciatura,50580
7.5,Analista,1,1,Bachillerato,32990
5.1,Analista,3,0,Bachillerato,20830
5.3,Analista,3,1,Licenciatura,35760
7.9,Analista,0,1,Licenciatura,26790
4.7,Analista,0,0,Licenciatura,21210
6.2,Analista,2,0,Bachillerato,32160
6.1,Analista,0,0,Bachillerato,16270
6.1,Analista,3,0,Licenciatura,37970
6.2,Gerente,1,1,Licenciatura,52560
5.5,Analista,4,1,Bachillerato,19900
3.2,Analista,3,1,Licenciatura,25030
2.8,Analista,3,0,Licenciatura,25300
10.8,Analista,2,0,Bachillerato,27100
9.9,Analista,0,0,Bachillerato,32290
6.9,Analista,2,0,Licenciatura,44880
5.9,Analista,1,1,Licenciatura,28310
5.5,Analista,0,1,Licenciatura,26930
3.5,Gerente,3,1,Bachillerato,35670
7.5,Analista,3,1,Licenciatura,46320
4.6,Analista,0,0,Licenciatura,19170
7,Analista,3,1,Bachillerato,36180
9.7,Analista,3,0,Licenciatura,49450
6.7,Analista,2,1,Bachillerato,27660
7.1,Analista,0,0,Licenciatura,39330
6.2,Analista,4,1,Bachillerato,28610
4.6,Analista,0,1,Bachillerato,12970
3.9,Coordinador,1,1,Posgrado,29360
9.1,Analista,2,1,Licenciatura,30370
4.9,Analista,1,1,Licenciatura,23260
5.3,Analista,1,0,Bachillerato,21330
7.5,Gerente,2,1,Bachillerato,40660
7.2,Analista,3,1,Bachillerato,32890
5.6,Analista,2,1,Posgrado,35390
10.1,Analista,1,0,Bachillerato,47980
6.6,Coordinador,0,0,Posgrado,43310
8.5,Analista,1,1,Licenciatura,30510
4.8,Analista,0,0,Licenciatura,22870
11.8,Gerente,1,1,Bachillerato,67740
8.5,Analista,1,0,Licenciatura,29350
7.1,Analista,1,1,Bachillerato,23840
8.4,Analista,1,0,Posgrado,43040
4.6,Analista,4,1,Licenciatura,25660
11.8,Gerente,0,0,Licenciatura,82770
1.3,Analista,0,0,Bachillerato,9950
6.4,Analista,2,1,Bachillerato,44520
10.3,Analista,1,0,Bachillerato,23980
8.5,Analista,2,1,Bachillerato,38990
9.1,Analista,1,1,Licenciatura,17240
8.3,Analista,2,1,Bachillerato,29680
6.8,Coordinador,3,1,Licenciatura,40650
6.3,Analista,3,1,Licenciatura,38060
5.8,Gerente,1,1,Posgrado,37060
8.5,Analista,1,0,Bachillerato,17010
3.9,Analista,1,0,Bachillerato,23910
6.1,Analista,0,0,Posgrado,35030
5.3,Analista,1,1,Bachillerato,25030
6.1,Analista,1,1,Bachillerato,30400
5.2,Gerente,3,0,Licenciatura,50610
10.5,Coordinador,3,0,Bachillerato,60560
5.7,Analista,2,0,Bachillerato,19720
7.3,Analista,0,0,Licenciatura,24280
9.3,Analista,1,1,Bachillerato,48650
4.7,Analista,1,1,Bachillerato,24270
7.1,Analista,2,1,Licenciatura,31480
4.4,Coordinador,0,0,Bachillerato,12480
5.5,Analista,0,1,Bachillerato,14930
6.6,Gerente,0,1,Posgrado,37530
2.8,Gerente,0,0,Licenciatura,33890
4,Analista,1,1,Bachillerato,20400
12.1,Analista,2,1,Licenciatura,52250
9.7,Analista,4,1,Licenciatura,65630
6.7,Coordinador,3,1,Posgrado,39640
4.9,Analista,0,0,Licenciatura,22070
6.5,Analista,3,1,Licenciatura,38690
7.2,Coordinador,1,0,Bachillerato,35220
9.5,Coordinador,1,0,Licenciatura,46660
8.9,Analista,2,1,Bachillerato,44210
6.6,Analista,0,1,Bachillerato,21330
2.1,Analista,1,1,Posgrado,14500
7.2,Analista,0,1,Bachillerato,31980
7.7,Analista,2,1,Licenciatura,30480
4.4,Analista,0,0,Bachillerato,18680
4.3,Analista,2,0,Bachillerato,17640
4.5,Gerente,2,1,Bachillerato,45590
7.9,Analista,1,1,Bachillerato,32880
6.8,Analista,0,0,Licenciatura,28990
3.7,Analista,3,1,Bachillerato,27220
7.3,Analista,1,0,Posgrado,36470
8.4,Analista,1,1,Bachillerato,33780
7.4,Analista,0,1,Bachillerato,29420
6.8,Analista,3,1,Licenciatura,36370
5.6,Analista,1,0,Bachillerato,18570
6,Analista,0,0,Licenciatura,20590
9.2,Analista,3,1,Bachillerato,44990
2.4,Analista,0,1,Bachillerato,13160
3.6,Analista,2,1,Licenciatura,19690
5.2,Analista,0,0,Posgrado,15950
7.7,Analista,0,0,Bachillerato,37380
6,Analista,1,1,Licenciatura,27970
4.2,Coordinador,4,1,Bachillerato,28730
4.3,Coordinador,3,0,Licenciatura,40100
2.5,Gerente,1,0,Licenciatura,33890
4.5,Coordinador,1,0,Bachillerato,26120
2.8,Analista,1,0,Bachillerato,19230
8.9,Analista,2,0,Licenciatura,40340
9.7,Coordinador,1,0,Licenciatura,47570
7.3,Analista,1,1,Bachillerato,29230
7.9,Coordinador,1,1,Licenciatura,39150
7.8,Gerente,2,0,Bachillerato,38800
7.7,Analista,0,0,Licenciatura,44080
9.7,Analista,0,0,Bachillerato,37240
2.1,Analista,1,0,Licenciatura,14210
3.7,Gerente,4,1,Bachillerato,40860
11.6,Analista,0,1,Bachillerato,31610
4.7,Analista,0,1,Bachillerato,23410
7.2,Analista,1,1,Licenciatura,26170
6.9,Analista,1,0,Bachillerato,37800
7.7,Analista,1,1,Bachillerato,42430
8.7,Analista,1,1,Licenciatura,44620
6.4,Analista,1,1,Bachillerato,18000
5.7,Analista,2,1,Licenciatura,18250
10.5,Analista,3,1,Bachillerato,39080
6,Analista,2,1,Bachillerato,21820
6.9,Analista,1,0,Licenciatura,34010
11.4,Analista,0,0,Licenciatura,38840
9.9,Analista,2,1,Bachillerato,45660
10.2,Analista,3,1,Bachillerato,55210